O,O,O,O,O,O,O,O,O,O,O,O,O,O,O,O,O,O,O,O,O,O,O,O,O,O,O,O,O,O,O,O,O,O,O,O,O,O,O,O,O,O,O,O,O,O,O,O,O,O,O,O,O,O,O,O,O,O,O,O,O,O,O,O,O,O,O,O,O,O,O,O,O,O,O,O,O,O,O,O,O,O,O,O,O,O,O,O,O,O,O,O,O,O,O,O,O,O,O,O,O,O,O,O,O,O,O,O,O,O,O,O,O,O,O,O,O,O,O,O,O,O,O,O,O,O,O,O,O,O,O,O,O,O,O,O,O,O,O,O,O,O,O,O,O,O,O,O,O,O,O,O,O,O,O,O,O,O,O,O,O,O,O,O,O,O,O,O,O,O,O,O,O,O,O,O,O,O,O,O,O,O,O,O,O,O,O,O,O,O
O,,,,,,,,,,,,,,,,,,,,,,,,,,,,,,,,,,,,,,,,,,,,,,,,,,,,,,,,,,,,,,,,,,,,,,,,,,,,,,,,,,,,,,,,,,,,,,,,,,,,,,,,,,,,,,,,,,,,,,,,,,,,,,,,,,,,,,,,,,,,,,,,,,,,,,,,,,,,,,,,,,,,,,,,,,,,,,,,,,,,,,,,,,,,,O
O,,,,,,,,,,,,,,,,,,,,,,,,,,,,,,,,,,,,,,,,,,,,,,,,,,,,,,,,,,,,,,,,,,,,,,,,,,,,,,,,,,,,,,,,,,,,,,,,,,,,,,,,,,,,,,,,,,,,,,,,,,,,,,,,,,,,,,,,,,,,,,,,,,,,,,,,,,,,,,,,,,,,,,,,,,,,,,,,,,,,,,,,,,,,,O
O,,,,,,,,,,,,,,,,,,,,,,,,,,,,,,,,,,,,,,,,,,,,,,,,,,,,,,,,,,,,,,,,,,,,,,,,,,,,,,,,,,,,,,,,,,,,,,,,,,,,,,,,,,,,,,,,,,,,,,,,,,,,,,,,,,,,,,,,,,,,,,,,,,,,,,,,,,,,,,,,,,,,,,,,O,O,O,O,O,O,O,O,,,,,,,,,,,,,,O
O,,,,O,,,,,,,,,,,,,,,,,,,,,,,,,,,,,,,,,,,,,,,,,,,,,,,,,,,,,,,,,,,,,,,,,,,,,,,,,,,,,,,,,,,,,,,,,,,,,,,,,,,,,,,,,,,,,,,,,,,,,,,,,,,,,,,,,,,,,,,,,,,,,,,,,,,,,,,,,,,,,,,,,,,,O,,,,,,,O,,,,,,,,,,,,,,O
O,,,,O,,,,,,,,,,,,,,,,,,,,,,,,,,,,,,,,,,,,,,,,,,,,,,,,,,,,,,,,,,,,,,,,,,,,,,,,,,,,,,,,,,,,,,,,,,,,,,,,,,,,,,,,,,,,,,,,,,,,,,,,,,,,,,,,,,,,,,,,,,,,,,,,,,,,,,,,,,,,,,,,,,,,O,,,,,,,O,,,,,,,,,,,,,,O
O,,,,O,,,,,,,,,,,,,,,,,,,,,,,,,,,,,,,,,,,,,,,,,,,,,,,,,,,,,,,,,,,,,,,,,,,,,,,,,,O,O,O,O,O,O,O,O,O,O,O,O,O,O,O,O,O,O,O,O,O,O,O,O,O,O,O,O,O,O,O,O,O,O,O,O,O,O,O,O,,,,,,,,,,,,,,,,,,,,,,,,,,,,,,,,,,,,,,,,,,,,,,,,,,,O,O,O,O,,,,O,,,,,,,,,,,,,,O
O,,,,O,,,,,,,,,,,,,,,,,,,,,,,,,,,,,,,,,,,,,,,,,,,,,,,,,,,,,,,,,,,,,,,,,,,,,,,,,O,O,,,,,,,,,,,,,,,,,,,,,,,,,,,,,,,,,,,,,,,,,,,,,,,,,,,,,,,,,,,,,,,,,,,,,,,,,,,,,,,,,,,,,,,,,,,,,O,,,,O,,,,,,,,,,,,,,O
O,,,,O,,,,,,,,,,,,,,,,,,,,,,,,,,,,,,,,,,,,,,,,,,,,,,,,,,,,,,,,,,,,O,O,O,O,O,O,O,O,O,O,O,O,O,O,,,,,,,,,,,,,,,,,,,,,,,,,,,,,,,,,,,,,,,,,,,,,,,,,,,,,,,,,,,,,,,,,,,,,,,,,,,,,,,,,,,,,,,,,,,,,,O,,,,O,,,,,,,,,,,,,,O
O,,,,O,,,,,,,,,,,,,,,,,,,,,,,,,,,,,,,,,,,,O,O,O,O,O,O,O,O,O,O,O,O,O,O,O,,,,,,,,,,,,,,,,,,,,,,,,,,,,,,,,,,,,,,,,,,,,,,,,,,,,,,,,,,,,,,,,,,,,,O,O,O,O,O,O,O,,,,,,,,,,,,,,,,,,,,,,,,,,,,,,,,,,,,,,,,,O,,,,,O,,,,,,,,,,,,,,O
O,,,,O,,,,,,,,,,,,,,,,,,,,,,,,,,,,,,,,,,,,O,,,,,,,,,,,,,,O,O,,,,,,,,,,,,,,,,,,,,,,,,,,,,,,,,,,,,,,,,,,,,,,,,,,,,,,,,,,,,,,,,,,,,O,,,,,,,,,,,,,,,,,,,,,,,,,,,,,,,,,,,,,,,,,,,,,,O,,,,,,O,,,,,,,,,,,,,,O
O,,,,O,,,,,,,,,,,,,,,,,,,,,,,,,,,,,,,,,,,,O,,,,,,,,,,,,,,,O,O,,,,,,,,,,,,,,,,,,,,,,,,,,,,,,,,,,,,,,,,,,,,,,,,,,,,,,,,,,,,,,,,,,,O,,,,,,,,,,,,,,,,,M,M,M,M,M,M,M,M,,,,,,,,,,,,,,,,,,,,,O,,,,,,O,,,,,,,,,,,,,,,O
O,,,,O,,,,,,,,,,,,,,,,,,,,,,,,,,,,,,,,,,,,O,O,O,O,O,,,,,,,,,,,,O,O,,,,,,,,,,,,,,,,,,,,,,,,,,,,,,,,,,,,,,,,,,,,,,,,,,,,,,,,,,,,,,,,,,O,,,,,,,,,,,,,,,,M,M,M,M,M,M,M,M,M,M,,,,,,,,,,,,,,,,,,,O,,,,,,O,,,,,,,,,,,,,,,,O
O,,,,O,O,,,,,,,,,,,,,,,,,,,,,,,,,,,,,,,,,,,,,,,O,,,,,,,,,,,,,O,O,,,,,,,,,,,,,,,,,,,,,,,,,,,,,,,,,,,,,,,,,,,,,,,,,,,,,,,,,,,,,,,,,O,,,,,,,,,,,,,,,M,M,M,M,M,M,M,M,M,M,M,M,,,,,,,,,,,,,,,,,O,,,,,,O,,,,,,,,,,,,,,,,,O
O,,,,O,O,O,,,,,,,,,,,,,,,,,,,,,,,,,,,,,,,,,,,,,,O,,,,,,,,,,,,,,O,,,,,,,,,,,,,,,,,,,,,,,,,,,,,,,,,,,,,,,,,,,,,,,,,,,,,,,,,,,,,,,,,O,,,,,,,,,,,,,,,M,M,M,M,M,M,M,M,M,M,M,M,,,,,,,,,,,,,,,,O,,,,,,O,,,,,,,,,,,,,,,,,,O
O,,,,,O,O,O,O,O,O,O,O,O,O,O,O,O,O,O,,,,,,,,O,,,,,,,,,,,,,,,,,O,O,,,,,,,,,,,,,O,,,,,,,,,,,,,,,,,,,,,,,,,,,,,,,,,,,,,,,,,,,,,,,,,,,,,,,,,,,,,,,,,O,,,,,,,,,,,,,,M,M,M,M,M,M,M,M,M,M,M,M,M,M,,,,,,,,,,,,,,O,,,,,,O,,,,,,,,,,,,,,,,,,,O
O,,,,,,,,,,,,,,,,,,,,,,,,,,,O,,,,,,,,,,,,,,,,,,O,,,,,,,,,,,,,O,,,,,,,,,,,,,,,,,,,,,,,,,,,,,,,,,,,,,,,,,,,,,,,,,,,,,,,,,,,,,,,,,O,,,,,,,,,,,,,,M,M,M,M,M,M,M,M,M,M,M,M,M,M,,,,,,,,,,,,,O,,,,,,O,,,,,,,,,,,,,,,,,,,,O
O,,,,,,,,,,,,,,,,,,,,,,,,,,,O,,,,,,,,,,,,,,,,,,O,,,,,,,,,,,,,O,,,,,,,,,,,,,,,,,,,,,,,,,,,,,,,,,,,,,,,,,,,,,,,,,,,,,,,,,,,,,,,,,O,O,,,,,,,,,,,,,M,M,M,M,M,M,M,M,M,M,M,M,M,M,,,,,,,,,,,,O,,,,,,O,,,,,,,,,,,,,,,,,,,,,O
O,,,,,,,,,,,,,,,,,,,,,,,,,,,O,,,,,,,,,,,,,,,,,,O,,,,,,,,,,,,,O,,,,,,,,,,,,,,,,,,,,,,,,,,,,O,O,O,O,O,O,O,O,O,O,O,O,O,O,O,O,O,O,O,O,O,O,O,,,,,,,,,,,,,,,,O,O,,,,,,,,,,,,M,M,M,M,M,M,M,M,M,M,M,M,M,M,,,,,,,,,,,O,,,,,,O,,,,,,,,,O,O,O,O,O,O,O,O,O,O,O,O,O,O
O,,,,,,,,,,,,,,,,,,,,,,,,,,,O,O,O,O,O,O,O,,,,,,,,,,,,O,,,,,,,,,,,,,O,,,,,,,,,,,,,,,,,,,,,,,,,,O,O,,,,,,,,,,,,,,,,,,,,,,,O,O,,,,,,,,,,,,,,,,O,O,,,,,,,,,,M,M,S,S,M,M,M,S,S,M,M,M,S,S,M,M,,,,,,,,,O,,,,,,O,,,,,,,,,,,,,,,,,,,,,,,O
O,,,,,,,,,,,,,,,,,,,,,,,,,,,,,,,,,O,O,,,,,,,,,,,O,,,,,,,,,,,,,O,,,,,,,,,,,,,,,,,,,,,,,,,O,O,,,,,,,,,,,,,,,,,,,,,,,,,O,O,,,,,,,,,,,,,,,,O,O,,,,,,,,,,,,,,,,,,,,,,,,,,,,,,,,O,,,,,,O,,,,,,,,,,,,,,,,,,,,,,,,O
O,,,,,,,,,,,,,,,,,,,,,,,,,,,,,,,,,,O,O,,,,,,,,,,O,,,,,,,,,,,,O,O,,,,,,,,,,,,,,,,,,,,,,,O,O,O,,,,,,,,,,,,,,,,,,,,,,,,,,,O,O,,,,,,,,,,,,,,,,O,O,,,,,,,,,,,,,,,,,,,,,,,,,,,,,,O,,,,,,O,,,,,,,,,,,,,,,,,,,,,,,,,O
O,,,,,,,,,,,,,,,,,,,,,,,,,,,,,,,,,,,O,O,O,O,O,O,O,O,O,O,O,,,,,,,,,,,O,O,,,,,,,,,,,,,,,,,,,,,,O,O,O,,,,,,,,,,,,,,,,,,,,,,,,,,,,,,O,O,,,,,,O,O,,,,,,,,,O,O,,,,,,,,,,,,,,,,,,,,,,,,,,,,O,,,,,,O,,,,,,,,,,,,,,,,,,,,,,,,,,O
O,,,,,,,,,,,,,,,,,,,,,,,,,,,,,,,,,,,,,,,,,,,,,,,,,,,,,,,O,O,,,,,,,,,,,,,,,,,,,,,,O,O,,,,,,,,,,,,,,,,,,,,,,,,,,,,,,,,,O,O,,,,,,O,O,,,,,,,,,O,O,,,,,,,,,,,,,,,,,,,,,,,,,,O,,,,,,O,,,,,,,,,,,,,,,,,,,,,,,,,,,O
O,,,,,,,,,,,,,,,,,,,,,,,,,,,,,,,,,,,,,,,,,,,,,,,,,,,,,,O,O,,,,,,,,,,,,,,,,,,,,,,O,O,,,,,,,,,,,,,,,,,,,,,,,,,,,,,,,,,,,O,O,,,,,,O,O,,,,,,,,,O,O,,,,,,,,,,,,,,,,,,,,,,,,,,,,,,O,,,,,,,,,,,,,,,,,,,,,,,,,,,,O
O,,,,,,,,,,,,,,,,,,,,,,,,,,,,,,,,,,,,,,,,,,,,,,,,,,,,,O,O,,,,,,,,,,,,,,,,,,,,,,O,O,,,,,,,,,,,,,,,,,,,,,,,,,,,,,,,,,,,,,O,O,,,,,,O,O,,,,,,,,,,,,,,,,,,,,,,,,,,,,,,,,,,,,,,,,,,,,,,,,,,,,,,,,,,,,,,,,,,,O
O,,,,,,,,,,,,,,,,,,,,,,,,,,,,,,,,,,,,,,,,,,,,,,,,,,,,O,O,,,,,,,,,,,,,,,,,,,,,,O,O,,,,,,,,,,,,,,,,,,,,,,,,,,,,,,,,,,,,,,,O,O,,,,,,O,O,,,,,,,,,,,,,,,,,,,,,,,,,,,,,,,,,,,,,,,,,,,,,,,,,,,,,,,,,,,,,,,,,,O
O,,,,,,,,,,,,,,,,,,O,O,O,O,O,O,,,,,,,,,,,,,,,,,,,,,,,,,,,,O,O,,,,,,,,,,,,,,,,,,,,,,O,O,,,,,,,,,,,,,,,,,,,,,,,,,,,,,,,,,,,,,,,,,O,O,,,,,,O,O,,,,,,,,,,,,,,,O,O,,,,,,,O,,,,,,,,,,,,,,,,,,,,,,,,,,,,,,,,,,,,,,,,,,O
O,,,,,,,,,,,,,,,,,,,,,,,O,O,,,,,,,,,,,,,,,,,,,,O,O,O,O,O,O,O,O,,,,,,,,,,,,,,,,,,,,,,O,O,,,,,,,,,,,,,,,,,,,,,,,,,,,,,,,,,,,,,,,,,,,O,O,,,,,,O,O,,,,,,,,,,,,,O,O,,,,,,,,O,,,,,,,,,,,,,,,,,,,,,,,,,,,,,,,,,,,,,,,,,,O
O,,,,,,,,,,,,,,,,,,,,,,,,O,O,,,,,,,,,,,,,,,,,,,O,,,,,,,,,,,,,,,,,,,,,,,,,,,,O,O,,,,,,,,,,,,,,,,,,,,,,,,,,,,,,,,,,,,,,,,,,,,,,,,,,,,,,,,,,,,,,,,,O,,,,,,,,,O,,,,,,,,,,,,,,,,,,,,,,,,,,,,,,,,,,,,,,,,,,O
O,,,,,,,,,,,,,,,O,,,,,,,,,,O,O,,,,,,,,,,,,,,,,,,O,,,,,,,,,,,,,,,,,,,,,,,,,,,O,O,,,,,,,,,,,,,,,,,,,,,,,,,,,,,,,,,,,,,,,,,,,,,,,,,,,,,,,,,,,,,,,,,O,O,,,,,,,,,O,,,,,,,,,,,,,,,,,,,,,,,,,,,,,,,,,,,,,,,,,,O
O,,,,,,,,,,,,,,,O,,,,,,,,,,,O,,,,,,,,,,,,,,,,,,O,,,,,,,,,,,,,,,,,,,,,,,,,,O,O,,,,,,,,,,,,,,,,,,,,,,,,,,,,,,,,,,,,,,,,,,,,,,,,,,,,,,,,,,,,,,,,,O,O,,,,,,,,,O,,,,,O,O,O,O,O,O,,,,,,,,,,,,,,,,,,,,,,,,,,,,,,,,,O
O,,,,,,,,,,,,,,,O,,,,,,,,,,,O,,,,,,,,,,,,,,,,,,O,,,,,,,,,,,,,,,,,,,,,,,,,O,O,,,,,,,,,,,,,,,,,,,,,,,,,,,,,,,,,,,,,,,,,,,,,,,,,,,,,,,,,,,,,,,,,O,O,,,,,,,,,O,,,,,,O,,,,,,O,,,,,,,,,,,,,,,,,,,,,,,,,,,,,,,,O
O,,,,,,,,,,,,,,,O,,,,,,,,,,,O,,,,,,,,,,,,,,,,,,O,,,,,,,,,,,,,,,,,,,,,,,,O,O,,,,,,,,,,,,,,,,,,,,,,,,,,,,,,,,,,,,,,,,,,,,,,,,,,,,,,,,,,,,,,,,,O,O,,,,,,,,,O,,,,,,,O,,,,,,,O,,,,,,,,,,,,,,,,,,,,,,,,,,,,,,,O
O,,,,,,,,,,,,,,,O,,,,,,,,,,,O,,,,,,,,,,,,,,,,,,O,,,,,,,,,,,,,,,,,,,,,,,O,O,,,,,,,,,,,,,,,,,,,,,,,,,,,,,,,,,,,,,,,,,,,,,,,,,,,,,,,,,,,,,,,,,O,O,,,,,,,,,O,,,,,,,,O,,,,,,,,O,,,,,,,,,,,,,,,,,,,,,,,,,,,,,,O
O,,,,,,,,,,,,,,,O,O,,,,,,,,,O,O,,,,,,,,,,,,,,,,,,O,,,,,,,,,,,,,,,,,,,,,,O,O,,,,,,,,,,,,,,,,,,,,,,,,,,,,,,,,,,,,,,,,,,,,,,,,,,,,,,,,,,,,,,,,,O,O,,,,,,,,,O,,,,,,,,,O,,,,,,,,,O,,,,,,,,,,,,,,,,,,,,,,,,,,,,,O
O,,,,,,,,,,,,,,,,O,O,,,,,,,O,O,,,,,,,,,,,,,,,,,,,O,,,,,,,,,,,,,,,,,,,,,O,O,,,,,,,,,,,,,,,,,,,,,,,O,,,,,,,,,,,,,,,,,,,,,O,O,O,O,O,O,O,O,O,O,O,O,O,O,O,,,,,,,O,O,,,,,,,,,O,,,,,,,,,,O,,,,,,,,,,O,,,,,,,,,,,,,O,O,O,O,O,O,O,O,O,O,,,,,,O
O,,,,,,,,,,,,,,,,,O,O,,,,,O,O,,,,,,,,,,,,,,,,,,,,O,O,O,O,O,O,O,O,O,O,O,O,O,O,O,O,O,O,O,O,O,O,,,,,,,,,,,,,,,,,,,,,,,,O,,,,,,O,O,O,O,O,O,O,O,,,,,,,,O,O,,,,,,,,,,,,,O,,,,,,O,O,,,,,,,,,O,,,,,,,,,,,O,,,,,,,,,,,O,,,,,,,,,,,,O,,,,,,,,,,,,,,,O
O,,,,,,,,,,,,,,,,,,O,O,O,O,O,O,,,,,,,,,,,,,,,,,,,,,,,,,,,,,,,,,,,,,,,,,,,,,,,,,,,,,,,,,,,,,,,,,,O,,,,,,,,,,,,,O,,,,,,,,O,O,,,,,,,,,,,,,O,,,,,O,O,,,,,,,,,O,,,,,,,,,,,,O,,,,,,,,,,,,O,,,,,,,,,,O,O,,,,,,,,,,,,,,,O
O,,,,,,,,,,,,,,,,,,,,,,,,,,,,,,,,,,,,,,,,,,,,,,,,,,,,,,,,,,,,,,,,,,,,,,,,,,,,,,,,,,,,,O,O,O,O,O,,,,,,,,,,,,,O,,,,,,,,O,O,,,,,,,,,,,,,O,,,,O,O,,,,,,,,,O,,,,,,,,,,,,,O,,,,,,,,,,,,,O,,,,,,,,,O,,,,,,,,,,,,,,,,O
O,,,,,,,,,,,,,,,,,,,,,,,,,,,,,,,,,,,,,,,,,,,,,,,,,,,,,,,,,,,,,,,,,,,,,,,,,,,,,,,,,,,,,O,,,,,,,,,,O,,,,,,,O,,,,,,,,O,O,,,,,,,,,,,,,O,,,O,O,,,,,,,,,,,,,,,,,,,,,,,O,,,,,,,,,,,,,,O,,,,,,,O,O,,,,,,,,,,,,,,,,O
O,,,,,,,,,,,,,,,,,,,,,,,,,,,,,,,,,,,,,,,,,,,,,,,,,,,,,,,,,,,,,,,,,,,,,,,,,,,,,,,,,,,,,O,,,,,,,,,,O,,,,,,,O,,,,,,,,O,O,,,,,,,,,,,,,O,O,O,O,,,,,,,,,,,,,,,,,,,,,,,,O,,,,,,,,,,,,,,,O,O,,,,,O,,,,,,,,,,O,,,,,,,O
O,,,,,,,,,,,,,,,,,,,,,,,,,,,,,,,,,,,,,,,,,,,,,,,,,,,,,,,,,,,,,,,,,,,,,,,,,,,,,,,,,,,,,O,,,,,,,,,,O,,,,,,,O,,,,,,,,O,O,,,,,,,,,,,,,,,,,,,,,,,,,,,,,,,,,,,,,,,,O,,,,,,,,,,,,,,,,,,,,,O,,,,,,,,,,O,,,,,,,O
O,,,,,,,,,,,,,,,,,,,,,,,,,,,,,,,,,,,,,,,,,,,,,,,,,,,,,,,,,,,,,,,,,,,,,,,,,,,,,,,,,,,,,O,,,,,,,,,,O,,,,,,,O,,,,,,,,O,O,,,,,,,,,,,,,,,,,,,,,,,,,,,,,,,,,,,,,,,,O,,,,,,,,,,,,,,,,,,,,,O,,,,,,,O,O,O,O,,,,,,,O
O,,,,,,,,,,,,,,,,,,,,,,,,,,,,,,,,,,,,,,,,,,,,,,,,,,,,,,,,,,,,,,,,,,,,,,,,,,,,,,,,,,,,,O,O,O,O,O,O,O,O,O,O,O,,,,,,,O,O,O,O,O,O,O,O,O,O,,,,,,,,,,,,,,,,,,,,,,,,,,,,,,,,,,,,,,,,O,,,,,,,,,,,,,,,,,,,,,O,O,O,O,O,O,O,O,,,,,,,,,,O
O,,,,,,,,,,,,,,,,,,,,,,,,,,,,,,,,,,,,,,,,,,,,,,,,,,,,,,,,,,,,,,,,,,,,,,,,,,,,,,,,,,,,,,,,,,,,,,,,,,,,,,,,,,,,,,,,,,,,,,,,,,,,,,,,,,,,,,,,,,,,,,,,,,,,,,,O,,,,,,,,,,,,,,,,,,,,,,,,,,,,,,,,,,,,,,O
O,,,,,,,,,,,,,,,,,,,,,,,,,,,,,,,,,,,,,,,,,,,,,,,,,,,,,,,,,,,,,,,,,,,,,,,,,,,,,,,,,,,,,,,,,,,,,,,,,,,,,,,,,,,,,,,,,,,,,,,,,,,,,,,,,,,,,,,,,,,,,,,,,,,,,,,O,,,,,,,,,,,,,,,,,,,,,,,,,,,,,,,,,,,,,,O
O,,,,,,,,,,,,,,,,,,,,,,,,,,,,,,,,,,,,,,,,,,,,,,,,,,,,,,,,,,,,,,,,,,,,,,,,,,,,,,,,,,,,,,,,,,,,,,,,,,,,,,,,,,,,,,,,,,,,,,,,,,,,,,,,,,,,,,,,,,,,,,,,,,,,,,,,,,,,,,,,,,,,,,,,,,,,,,,,,,,,,,,,,,,,,O
O,,,,,,,,,,,,,,,,,,,,,,,,,,,,,,,,,,,,,,,,,,,,,,,,,,,,,,,,,,,,,,,,,,,,,,,,,,,,,,,,,,,,,,,,,,,,,,,,,,,,,,,,,,,,,,,,,,,,,,,,,,,,,,,,,,,,,,,,,,,,,,,,,,,,,,,,,,,,,,,,,,,,,,,,,,,,,,,,,,,,,,,,,,,,,O
O,O,O,O,O,O,O,O,O,O,O,O,O,O,O,O,O,O,O,O,O,O,O,O,O,O,O,O,O,O,O,O,O,O,O,O,O,O,O,O,O,O,O,O,O,O,O,O,O,O,O,O,O,O,O,O,O,O,O,O,O,O,O,O,O,O,O,O,O,O,O,O,O,O,O,O,O,O,O,O,O,O,O,O,O,O,O,O,O,O,O,O,O,O,O,O,O,O,O,O,O,O,O,O,O,O,O,O,O,O,O,O,O,O,O,O,O,O,O,O,O,O,O,O,O,O,O,O,O,O,O,O,O,O,O,O,O,O,O,O,O,O,O,O,O,O,O,O,O,O,O,O,O,O,O,O,O,O,O,O,O,O,O,O,O,O,O,O,O,O,O,O,O,O,O,O,O,O,O,O,O,O,O,O,O,O,O,O,O,O